Репка;5;Австралиум;5;Кац;5;Костя;5;Кот;5;Рикс;5;Армагеддон;5;;;;;;;;;;;;
Мишаня;5;Ай;5;Кот;5;Прот;5;Лёша;5;;;;;;;;;;;;;;;;
НетПроблем;4;Ай;4;Рикс;4;Костя;4;Каифас;4;;;;;;;;;;;;;;;;
Салливан;5;Прот;5;Маршал;5;Лёша;5;Клисп;5;;;;;;;;;;;;;;;;
Кац;4;Нулевой;4;Кот;4;Фачех;2;Андрюша;3;Чебурекс;3;;;;;;;;;;;;;;
Австралиум;4;Репка;4;НетПроблем;4;Лёша;4;Каифас;4;;;;;;;;;;;;;;;;
Ай;6;Мишаня;6;Хайро;6;Рикс;6;Вив;6;;;;;;;;;;;;;;;;
НетПроблем;5;Лафелор;5;Катя;5;Скитлс;4;Салливан;5;;;;;;;;;;;;;;;;
Салливан;5;НетПроблем;5;Прот;5;Кот;5;Рикс;5;;;;;;;;;;;;;;;;
Ай;4;Хайро;4;НетПроблем;4;Салливан;4;;;;;;;;;;;;;;;;;;
Репка;5;Лафелор;5;Рикс;5;Австралиум;5;Армагеддон;5;Сокол;0;Клисп;5;Костя;5;;;;;;;;;;
НетПроблем;7;Ай;7;Салливан;7;Вив;7;Лёша;7;;;;;;;;;;;;;;;;
Салливан;5;Репка;5;НетПроблем;5;Андрюша;5;Рикс;5;;;;;;;;;;;;;;;;
Австралиум;6;Кац;6;Каифас;6;Мисфитс;6;УдПо1;6;Андрюша;6;;;;;;;;;;;;;;
Ай;4;Элифас;4;Хуманов;4;Хентай;4;ФРанкГод;4;;;;;;;;;;;;;;;;
Кац;5;НетПроблем;5;Лёша;5;Кот;5;Трогиг;1;;;;;;;;;;;;;;;;
Ай;3;Элифас;3;Хуманов;3;Хентай;3;ФРанкГод;3;;;;;;;;;;;;;;;;
Мишаня;5;Репка;5;Пудж;5;Ай;5;Лёша;5;Хентай;5;;;;;;;;;;;;;;
Рикс;4;Федир;4;Каифас;4;Коди;3;Костя;4;Юролипс;4;;;;;;;;;;;;;;
Хайро;5;Вив;5;Андрюша;5;Прот;5;;;;;;;;;;;;;;;;;;
Салливан;4;Рикс;4;Ай;4;Маршал;4;;;;;;;;;;;;;;;;;;
Лёша;6;Мишаня;6;НетПроблем;6;Кот;6;Костя;6;Хентай;6;;;;;;;;;;;;;;
Ай;4;Хентай;4;Хуманов;4;Салливан;4;Каифас;4;;;;;;;;;;;;;;;;
Хайро;4;НетПроблем;4;Вив;4;Прот;4;Кот;4;;;;;;;;;;;;;;;;
Лафелор;4;НетПроблем;4;Хуманов;4;Кот;4;Пудж;4;Фачех;4;;;;;;;;;;;;;;
Салливан;4;Рикс;4;Ай;4;Маршал;4;;;;;;;;;;;;;;;;;;
Салливан;5;Маршал;2;Нобиус;5;Шакшука;5;Кот;5;;;;;;;;;;;;;;;;
Ай;4;Катя;4;НетПроблем;4;Рикс;4;Элифас;4;;;;;;;;;;;;;;;;
Ай;6;Катя;6;НетПроблем;6;Рикс;6;Элифас;6;;;;;;;;;;;;;;;;
Мишаня;5;Элифас;5;Аркси;5;Фачех;5;Сурок;5;;;;;;;;;;;;;;;;
Салливан;4;Маршал;4;Костя;4;Прот;4;Ай;4;Элифас;4;;;;;;;;;;;;;;
Салливан;5;Маршал;5;Костя;5;Прот;5;Ай;5;Элифас;5;;;;;;;;;;;;;;
Кац;5;Репка;5;Пудж;5;Хентай;5;Хуманов;5;;;;;;;;;;;;;;;;
Лафелор;3;Рикс;3;Австралиум;3;Репка;3;Хентай;3;Армагеддон;3;;;;;;;;;;;;;;
Лёша;7;Пудж;7;Элифас;7;Прот;7;Каифас;7;;;;;;;;;;;;;;;;
Салливан;4;Ай;4;Маршал;4;Сурок;4;НетПроблем;4;;;;;;;;;;;;;;;;
Нулевой;4;Австралиум;4;Рикс;4;Армагеддон;4;;;;;;;;;;;;;;;;;;
Эрго;5;Каифас;5;Утка;5;Карач;5;Магнус;5;Костя;5;Салливан;5;;;;;;;;;;;;
Катя;6;Ай;6;Элифас;6;НетПроблем;6;Хентай;6;;;;;;;;;;;;;;;;
НетПроблем;5;Рикс;5;Вив;5;Армагеддон;5;Репка;5;;;;;;;;;;;;;;;;
НетПроблем;3;Лёша;3;Прот;3;Федир;3;Аибот;3;;;;;;;;;;;;;;;;
Ай;5;Австралиум;5;Хайро;5;Салливан;5;Рикс;5;;;;;;;;;;;;;;;;
НетПроблем;4;Салливан;4;Чара;4;Ресет;4;Эрго;4;Кот;4;;;;;;;;;;;;;;
Ай;3;Австралиум;3;Хайро;3;Салливан;3;Рикс;3;;;;;;;;;;;;;;;;
Репка;3;Аибот;3;Лёша;3;Ресет;3;Аркси;3;Утка;3;;;;;;;;;;;;;;
Салливан;4;Ай;4;Австралиум;4;Маршал;4;Прот;4;Эрго;4;Чара;4;;;;;;;;;;;;
Эрго;11;Лёша;11;Маршал;11;Нулевой;11;Андрюша;11;;;;;;;;;;;;;;;;
Ай;4;Рикс;4;Хентай;4;Коди;4;;;;;;;;;;;;;;;;;;
Муслим;3;Ресет;3;Аркси;3;Каифас;3;Юролипс;3;;;;;;;;;;;;;;;;
Пудж;6;Каифас;6;Муслим;6;Кот;6;Голдфиш;6;Шируме;6;;;;;;;;;;;;;;
Салливан;2;ДугГир;2;Каифас;2;Прот;2;;;;;;;;;;;;;;;;;;
Нулевой;2;Рикс;2;Маршал;2;Буржуй ;2;;;;;;;;;;;;;;;;;;
Ай;4;НетПроблем;4;Элифас;4;Лёша;4;Хуманов;4;;;;;;;;;;;;;;;;
НетПроблем;3;Кот;3;Лёша;3;Хуманов;3;Хентай;3;;;;;;;;;;;;;;;;
Салливан;2;Аибот;2;Прот;2;Андрюша;2;Буржуй;1;;;;;;;;;;;;;;;;
Пудж;6;Рикс;6;Федир;6;ДугГир;6;Лёша;6;;;;;;;;;;;;;;;;
НетПроблем;3;Лёша;3;Кац;3;Аркси;3;Михайло;3;;;;;;;;;;;;;;;;
Нулевой;5;Лёша;5;ФРанкГод;5;Утка;5;Андрюша;5;;;;;;;;;;;;;;;;
Ай;3;Элифас;3;Аибот;3;Хуманов;3;Кац;3;;;;;;;;;;;;;;;;
Репка;3;Хуманов;3;Михайло;3;Андрюша;3;Утка;3;Нобиус;3;;;;;;;;;;;;;;
Эрго;6;Ай;6;Рикс;6;Костя;6;Прот;6;;;;;;;;;;;;;;;;
Пудж;4;НетПроблем;4;Кот;4;Хентай;4;Лёша;4;;;;;;;;;;;;;;;;
Ай;4;Костя;4;Вив;4;Элифас;4;;;;;;;;;;;;;;;;;;
Салливан;6;Рикс;6;Лёша;6;Кот;6;Прот;6;Маршал;6;;;;;;;;;;;;;;
Эрго;7;Андрюша;7;Хентай;7;Кац;7;Аркси;7;;;;;;;;;;;;;;;;
Ай;2;Костя;2;Вив;2;Элифас;2;;;;;;;;;;;;;;;;;;
Пудж;3;Каифас;3;Муслим;3;Кот;3;Голдфиш;3;Шируме;3;;;;;;;;;;;;;;
Ай;3;Элифас;3;Вив;3;Лёша;3;Хентай;3;;;;;;;;;;;;;;;;
НетПроблем;4;Рикс;4;Катя;4;Репка;4;Хуманов;4;;;;;;;;;;;;;;;;
Эрго;4;Кот;4;Аибот;4;Прот;4;Андрюша;4;;;;;;;;;;;;;;;;
Муслим;4;Ресет;4;Каифас;4;Юролипс;4;;;;;;;;;;;;;;;;;;
Ай;4;Элифас;4;Вив;4;Лёша;4;Хентай;4;;;;;;;;;;;;;;;;
Репка;4;Висп;4;Нулевой;4;Прот;4;Лю;4;Андрюша;4;;;;;;;;;;;;;;
Пудж;6;НетПроблем;6;Кот;6;Хентай;5;Лёша;6;;;;;;;;;;;;;;;;
Ай;4;ДугГир;4;Эрго;4;Хуманов;4;Маршал;4;;;;;;;;;;;;;;;;
Лёша;3;Салливан;3;Прот;3;Эрго;3;Хайро;3;;;;;;;;;;;;;;;;
Муслим;5;Ресет;5;Каифас;5;Юролипс;5;;;;;;;;;;;;;;;;;;
Катя;4;Эрго;4;Репка;4;Ай;4;Фачех;4;Хентай;4;;;;;;;;;;;;;;
Хайро;4;Ай;4;Прот;4;ДугГир;4;;;;;;;;;;;;;;;;;;
Эрго;6;Хуманов;6;Маршал;6;Фачех;6;Аибот;6;;;;;;;;;;;;;;;;
НетПроблем;4;Рикс;4;Кот;4;Лёша;4;Маршал;4;;;;;;;;;;;;;;;;
Лёша;5;Элифас;5;Австралиум;5;ДжимКроу;4;Салливан;5;Шируме;4;;;;;;;;;;;;;;
Муслим;3;Аркси;3;;;;;;;;;;;;;;;;;;;;;;
Репка;3;Фачех;3;Прот;3;Хуманов;3;Кот;3;Мимик;3;;;;;;;;;;;;;;
Муслим;1;Ресет;1;Каифас;1;Юролипс;1;;;;;;;;;;;;;;;;;;
Ай;5;Элифас;5;Пудж;5;Хентай;5;Эрго;5;;;;;;;;;;;;;;;;
Ай;4;Элифас;4;Пудж;4;Хентай;4;Эрго;4;;;;;;;;;;;;;;;;
НетПроблем;2;Маршал;2;ДугГир;2;;;;;;;;;;;;;;;;;;;;
Салливан;5;Эрго;4;Костя;4;Пудж;5;Ай;5;Андрюша;5;;;;;;;;;;;;;;
Рикс;6;Катя;6;Эрго;6;Хайро;6;Лафелор;6;;;;;;;;;;;;;;;;
Пудж;4;НетПроблем;4;Кот;4;Хентай;4;Лёша;4;;;;;;;;;;;;;;;;
Ай;1;Элифас;1;Лёша;1;Хайро;1;Вив;1;;;;;;;;;;;;;;;;
Ай;2;Элифас;2;Лёша;2;Хайро;2;Вив;2;;;;;;;;;;;;;;;;
Эрго;7;Хентай;7;Кот;7;Маршал;7;;;;;;;;;;;;;;;;;;
Ай;1;Элифас;1;Лёша;1;Хайро;1;Вив;1;;;;;;;;;;;;;;;;
Репка;3;Ресет;3;Ай;3;Армагеддон;3;Юролипс;3;;;;;;;;;;;;;;;;
Муслим;4;Каифас;4;Лоскер;4;Кустодиан;4;Хаттер;4;;;;;;;;;;;;;;;;
Прот;4;Салливан;4;Андрюша;4;Вив;4;Нобарм;4;;;;;;;;;;;;;;;;
Репка;4;Ресет;4;Ай;4;Армагеддон;4;Юролипс;4;;;;;;;;;;;;;;;;
Хайро;3;Андрюша;3;УдПо1;3;Голдфиш;3;Вив;3;;;;;;;;;;;;;;;;
Пудж;10;Хентай;10;Лёша;10;Кот;10;Прот;10;;;;;;;;;;;;;;;;
Прот;3;Кац;3;Андрюша;3;Утка;3;Хайро;1;;;;;;;;;;;;;;;;
Эрго;4;Хаттер;4;;;;;;;;;;;;;;;;;;;;;;
Эрго;7;Хентай;7;Хуманов;7;Квич;7;Хаттер;4;Нобарм;4;;;;;;;;;;;;;;
Ай;2;Элифас;2;Лёша;2;Хайро;2;Вив;2;;;;;;;;;;;;;;;;
Хайро;4;Андрюша;4;Шируме;4;Голдфиш;4;Вив;4;;;;;;;;;;;;;;;;
Салливан;12;Эрго;7;Квич;12;Хентай;4;Аибот;12;Фачех;3;;;;;;;;;;;;;;
Лёша;3;Хуманов;3;Кот;3;Махекан;3;ДжимКроу;3;;;;;;;;;;;;;;;;
Прот;2;Кац;2;Андрюша;2;Утка;2;;;;;;;;;;;;;;;;;;
Муслим;6;Федир;6;Ресет;6;Каифас;6;Нобарм;6;;;;;;;;;;;;;;;;
Лёша;4;Квич;4;Кац;4;Хентай;4;Репка;4;;;;;;;;;;;;;;;;
Репка;5;Лёша;5;Хуманов;5;Ай;5;Каифас;5;;;;;;;;;;;;;;;;
Прот;6;Салливан;6;Вив;6;Нобарм;6;Андрюша;6;;;;;;;;;;;;;;;;
Пудж;5;Хентай;5;Вив;5;Федир;5;Квич;5;Андрюша;5;;;;;;;;;;;;;;
Муслим;7;Каифас;7;Лоскер;7;Кустодиан;7;Хаттер;7;Форфокс;7;;;;;;;;;;;;;;
Прот;5;Репка;5;Лёша;5;Кот;5;Хентай;5;;;;;;;;;;;;;;;;
Кац;1;Коди;1;Лёха;1;;;;;;;;;;;;;;;;;;;;
Репка;5;Утка;3;Прот;5;Квич;5;Фачех;3;Кац;5;;;;;;;;;;;;;;
Кац;3;Квич;3;Прот;3;Федир;3;;;;;;;;;;;;;;;;;;
Салливан;4;Рикс;4;Кот;4;НетПроблем;4;;;;;;;;;;;;;;;;;;
Репка;2;Хуманов;2;Каифас;2;Ресет;2;;;;;;;;;;;;;;;;;;
Прот;5;Лёша;5;Пудж;5;Квич;5;Рикс;5;;;;;;;;;;;;;;;;
Эрго;5;Рикс;5;Лёша;5;Паук;5;Рикс;5;;;;;;;;;;;;;;;;
Прот;4;Салливан;4;Паук;4;Вив;4;Нулевой;4;Квич;4;;;;;;;;;;;;;;
Нулевой;3;Хуманов;3;Кац;3;Шируме;3;;;;;;;;;;;;;;;;;;
Квич;3;Элай;3;Каифас;3;Костя;3;Маршал;3;Ресет;3;;;;;;;;;;;;;;
Квич;3;Лёша;3;;;;;;;;;;;;;;;;;;;;;;
Ай;1;Элифас;1;Лёша;1;Хайро;1;;;;;;;;;;;;;;;;;;
Эрго;6;Рикс;6;Путешественник;6;Паук;6;;;;;;;;;;;;;;;;;;
Прот;5;Салливан;5;Андрюша;5;Вив;5;;;;;;;;;;;;;;;;;;
Репка;5;Ресет;5;Каифас;5;Хуманов;5;Квич;5;;;;;;;;;;;;;;;;
Кац;5;Прот;5;Юролипс;5;Путешественник;5;Паук;5;Андрюша;5;;;;;;;;;;;;;;
Рикс;6;Квич;6;Пудж;6;Путешественник;6;Паук;6;;;;;;;;;;;;;;;;
Салливан;4;Витя;4;Вив;4;УдПо1;4;;;;;;;;;;;;;;;;;;
Пудж;6;Квич;6;Ай;6;Матти;6;;;;;;;;;;;;;;;;;;
Рикс;5;Квич;5;НетПроблем;5;ДугГир;5;Редикулус;5;;;;;;;;;;;;;;;;
Прот;4;Эрго;4;Андрюша;4;Вив;4;Путешественник;4;Рикс;4;;;;;;;;;;;;;;
Репка;5;Ресет;5;Каифас;5;Хуманов;5;Квич;5;;;;;;;;;;;;;;;;
Ай;1;Элифас;1;Лёша;1;Хайро;1;;;;;;;;;;;;;;;;;;
Квич;3;Элай;3;Каифас;3;Костя;3;Маршал;3;Ресет;3;;;;;;;;;;;;;;
Прот;4;Эрго;4;Андрюша;4;Вив;4;Путешественник;4;Рикс;4;;;;;;;;;;;;;;
Пудж;3;Квич;3;Хентай;3;Австралиум;3;ДжимКроу;3;Шируме;3;;;;;;;;;;;;;;
Салливан;1;Витя;1;УдПо1;1;;;;;;;;;;;;;;;;;;;;
Ай;1;Элифас;1;Лёша;1;Хайро;1;;;;;;;;;;;;;;;;;;
Александр;6;Нулевой;6;Махекан;6;Катя;6;Квич;6;;;;;;;;;;;;;;;;
Прот;4;Репка;4;Рикс;4;ДжимКроу;4;Андрюша;4;;;;;;;;;;;;;;;;
Кац;3;Каифас;3;Квич;3;;;;;;;;;;;;;;;;;;;;
Прот;5;Салливан;5;Рикс;5;Квич;5;Аибот;5;ДугГир;5;;;;;;;;;;;;;;
Салливан;4;Андрюша;4;;;;;;;;;;;;;;;;;;;;;;
Прот;6;Репка;6;Рикс;6;Эрго;6;Квич;6;Кот;6;;;;;;;;;;;;;;
Кац;5;Прот;5;ДугГир;5;Буржуй ;5;Андрюша;5;Лёха;5;;;;;;;;;;;;;;
Квич;3;Лёша;3;Элифас;3;Юролипс;3;Мисфитс;3;;;;;;;;;;;;;;;;
Муслим;5;Каифас;5;Лоскер;5;Кустодиан;5;Хаттер;5;Форфокс;4;;;;;;;;;;;;;;
Прот;4;Андрюша;4;Редикулус;4;Ваит;4;Беконович;4;Фачех;4;Витя;4;;;;;;;;;;;;
Рикс;5;Квич;5;Эрго;5;Элифас;5;Шируме;2;;;;;;;;;;;;;;;;
Прот;4;Салливан;3;Кац;4;Андрюша;4;Аибот;4;;;;;;;;;;;;;;;;
Квич;4;Элай;4;Каифас;4;Костя;4;Ресет;4;Лёша;4;;;;;;;;;;;;;;
Ай;1;Элифас;1;Лёша;1;Хайро;1;;;;;;;;;;;;;;;;;;
Пудж;3;Лёша;3;Рикс;3;Хентай;3;Кот;3;Квич;3;;;;;;;;;;;;;;
Рикс;5;Элифас;5;Квич;5;Эрго;5;Шируме;5;;;;;;;;;;;;;;;;
Прот;5;Фачех;5;Квич;5;Лёша;5;Редикулус;5;Андрюша;5;;;;;;;;;;;;;;
Эрго;8;Катя;8;ДугГир;8;Армагеддон;8;Хайро;1;;;;;;;;;;;;;;;;
Прот;2;Андрюша;2;Кац;2;Лёша;2;Че;2;;;;;;;;;;;;;;;;
Репка;5;Пудж;5;Лёша;5;Каифас;5;Андрюша;5;;;;;;;;;;;;;;;;
Александр;7;Квич;7;Катя;7;Армагеддон;7;Мисфитс;7;;;;;;;;;;;;;;;;
Муслим;3;Каифас;3;Лоскер;3;Кустодиан;3;Хаттер;3;Форфокс;3;;;;;;;;;;;;;;
Прот;5;Кац;5;Андрюша;5;;;;;;;;;;;;;;;;;;;;
Прот;4;Квич;4;Лёша;4;Андрюша;4;Редикулус;4;Фачех;2;;;;;;;;;;;;;;
Салливан;3;Путешественник;3;Баб;3;;;;;;;;;;;;;;;;;;;;
Репка;0;Хуманов;0;Кот;0;Шируме;0;Андрюша;0;Фачех;0;;;;;;;;;;;;;;
Квич;1;Лёша;1;Каифас;1;Маршал;1;Костя;1;Элай;1;;;;;;;;;;;;;;
Андрюша;4;Рикс;4;Кот;4;Хайро;4;;;;;;;;;;;;;;;;;;
Пудж;4;Снотти;4;Шируме;4;Армагеддон;4;Эрго;4;Квич;4;Хентай;4;Лёха;4;;;;;;;;;;
Эрго;21;ДугГир;15;Ресет;21;Прот;21;Рикс;21;;;;;;;;;;;;;;;;
Салливан;4;Прот;4;Кот;4;Шируме;4;ГодОфАсс;4;;;;;;;;;;;;;;;;
Прот;7;Кац;6;Аибот;7;Салливан;7;Андрюша;7;;;;;;;;;;;;;;;;
Муслим;3;Каифас;3;Лоскер;3;Кустодиан;3;Хаттер;3;Форфокс;3;;;;;;;;;;;;;;
Прот;4;Рикс;4;Элифас;4;;;;;;;;;;;;;;;;;;;;
Пудж;7;Витя;7;Федир;7;Андрюша;7;Эдорей;7;Кот;7;ДугГир;7;;;;;;;;;;;;
Армагеддон;4;Эрго;4;Снотти;4;Элифас;4;Ай;4;;;;;;;;;;;;;;;;
Прот;2;Лёша;2;Салливан;2;Кац;2;Андрюша;2;;;;;;;;;;;;;;;;
Квич;2;Элай;2;Каифас;2;Костя;2;Ресет;2;Лёша;2;Маршал;2;;;;;;;;;;;;
Катя;5;Армагеддон;5;Хайро;5;Эрго;5;Скитлс;4;;;;;;;;;;;;;;;;
Салливан;5;Эрго;5;Андрюша;5;Кот;5;Прот;3;;;;;;;;;;;;;;;;
Прот;1;Лёша;1;Андрюша;1;Салливан;1;Кац;1;;;;;;;;;;;;;;;;
Хайро;6;Элифас;6;Эрго;6;Хиди;6;Эрагоб;6;;;;;;;;;;;;;;;;
Муслим;2;Хаттер;2;;;;;;;;;;;;;;;;;;;;;;
Прот;5;Андрюша;5;Лёша;5;Редикулус;5;Квич;5;;;;;;;;;;;;;;;;
Эрго;10;Федир;10;Кот;10;Маршал;10;Шируме;7;;;;;;;;;;;;;;;;
Прот;8;Андрюша;8;Витя;8;Кац;8;Хиди;8;Лёха;8;;;;;;;;;;;;;;
Эрго;6;Прот;6;Андрюша;6;Хиди;6;Костя;6;Ресет;6;Кот;6;;;;;;;;;;;;
Муслим;2;Хаттер;2;Каифас;2;Лоскер;2;Кустодиан;2;Форфокс;2;;;;;;;;;;;;;;
Эрго;14;Армагеддон;14;Прот;14;Лёша;14;Квич;14;;;;;;;;;;;;;;;;
Прот;2;Андрюша;2;Лёша;2;;;;;;;;;;;;;;;;;;;;
Прот;4;Кац;4;Квич;4;Лёша;4;Андрюша;4;;;;;;;;;;;;;;;;
Александр;11;Эрго;11;Армагеддон;11;Кот;11;Ауб;5;Катя;11;;;;;;;;;;;;;;
Прот;6;Андрюша;6;Лёша;6;Кац;6;;;;;;;;;;;;;;;;;;
Австралиум;3;Ресет;3;Квич;3;Фантомасс;3;Нулевой;3;;;;;;;;;;;;;;;;
Салливан;6;Прот;6;Шируме;6;Андрюша;6;;;;;;;;;;;;;;;;;;
Александр;9;Эрго;9;Армагеддон;9;Кот;9;Катя;9;;;;;;;;;;;;;;;;
Прот;5;Лафелор;5;Лёша;5;Ресет;5;Утка;5;;;;;;;;;;;;;;;;
Андрюша;6;Кот;6;Каифас;6;Федир;6;Квич;6;;;;;;;;;;;;;;;;
Австралиум;4;Эрго;4;Армагеддон;4;Квич;4;Лёша;4;;;;;;;;;;;;;;;;
Салливан;4;Хайро;4;Ай;4;Костя;4;Аск;4;;;;;;;;;;;;;;;;
Прот;4;Кац;4;Квич;4;Лёша;4;Андрюша;4;Лёха;4;;;;;;;;;;;;;;
Кац;5;Юролипс;5;Ресет;5;Ганрю;5;Аск;5;;;;;;;;;;;;;;;;
Квич;1;Элай;1;Каифас;1;Прот;1;Андрюша;1;Лёша;1;Маршал;1;;;;;;;;;;;;
Александр;8;Эрго;4;Армагеддон;4;Кот;4;Прот;4;Катя;4;Андрюша;8;;;;;;;;;;;;
Салливан;3;Шируме;3;Кац;3;Каифас;3;Лёша;3;;;;;;;;;;;;;;;;
Александр;8;Эрго;4;Армагеддон;4;Кот;4;Прот;8;Катя;4;Андрюша;8;;;;;;;;;;;;
Квич;2;Элай;2;Каифас;2;Прот;2;Андрюша;2;Лёша;2;;;;;;;;;;;;;;
Ай;5;Салливан;5;Франтик;5;Хиди;5;Катя;5;Армагеддон;5;;;;;;;;;;;;;;
Кац;7;Юролипс;7;Ресет;7;Аск;7;Ганрю;7;;;;;;;;;;;;;;;;
Александр;4;Эрго;3;Армагеддон;3;Кот;3;Прот;4;Катя;3;Андрюша;4;;;;;;;;;;;;
Прот;3;Лёша;3;Квич;3;Кац;3;Андрюша;3;Каифас;3;;;;;;;;;;;;;;
Хайро;5;Ай;5;Катя;5;Костя;5;Ярик;5;Армагеддон;5;;;;;;;;;;;;;;
Александр;5;Танкред;5;Аск;5;Хакт;5;;;;;;;;;;;;;;;;;;
Прот;2;Лёша;2;Квич;2;Кац;2;Андрюша;2;Каифас;2;;;;;;;;;;;;;;
Ай;4;Хайро;4;Элай;4;Ресет;4;Салливан;4;;;;;;;;;;;;;;;;
Прот;2;Лёша;2;Квич;2;Кац;2;Андрюша;2;Каифас;2;;;;;;;;;;;;;;
Александр;6;Чебурекс;6;Федир;6;Хиди;6;Аск;6;Сакура;6;;;;;;;;;;;;;;
Ай;2;Хайро;2;Элай;2;Ресет;2;Салливан;2;;;;;;;;;;;;;;;;
Репка;4;Федир;4;Каифас;4;Квич;4;Кот;4;;;;;;;;;;;;;;;;
Салливан;4;Аск;4;Витя;4;Чебурекс;4;;;;;;;;;;;;;;;;;;
Александр;5;Андрюша;5;Лёша;5;Ганрю;5;Хакт;5;;;;;;;;;;;;;;;;
Репка;5;Федир;5;Квич;5;Прот;5;Радиш;5;;;;;;;;;;;;;;;;
Андрюша;3;Хайро;3;Костя;3;Хиди;3;;;;;;;;;;;;;;;;;;
Пудж;6;Аск;6;Федир;6;Ай;6;Лёша;6;Франтик;6;;;;;;;;;;;;;;
Ай;2;Хайро;2;Элай;2;Ресет;2;Салливан;2;;;;;;;;;;;;;;;;
Репка;4;Костя;4;Кот;4;Путешественник;4;Ганрю;4;ФайрОвл;4;;;;;;;;;;;;;;
Прот;2;Лёша;2;Квич;2;Кац;2;Андрюша;2;Каифас;2;;;;;;;;;;;;;;
Александр;6;Сакура;6;Танкред;6;Хиди;6;Хакт;6;;;;;;;;;;;;;;;;
Александр;2;Эрго;2;Армагеддон;2;Кот;2;Прот;2;Катя;2;Андрюша;2;;;;;;;;;;;;
Пудж;4;Аск;4;Федир;4;Ай;4;Лёша;4;Франтик;4;;;;;;;;;;;;;;
Кац;3;Юролипс;3;Квич;3;Каифас;3;Шируме;3;;;;;;;;;;;;;;;;
Прот;1;Андрюша;1;;;;;;;;;;;;;;;;;;;;;;
Кац;5;Ресет;5;Аск;5;Юролипс;5;Ганрю;5;;;;;;;;;;;;;;;;
Салливан;1;Арамил;1;ОзорнаяСалфетка;1;ГудГеймГод;1;;;;;;;;;;;;;;;;;;
Пудж;2;Аск;2;Федир;2;Ай;2;Лёша;2;Франтик;2;;;;;;;;;;;;;;
Лафелор;5;Репка;5;Кац;5;Квич;5;;;;;;;;;;;;;;;;;;
Танкред;4;Катя;4;Ярик;4;Эдорей;4;Костя;4;;;;;;;;;;;;;;;;
Александр;5;Реср;5;Чебурекс;5;Рол;5;Кот;5;;;;;;;;;;;;;;;;
Прот;2;Лёша;2;Квич;2;Кац;2;Андрюша;2;Каифас;2;;;;;;;;;;;;;;
Ай;4;Элифас;4;Реср;4;Рол;4;;;;;;;;;;;;;;;;;;
Ай;3;Элифас;3;Реср;3;Рол;3;;;;;;;;;;;;;;;;;;
Андрюша;3;Салливан;3;Лёша;3;Аск;3;;;;;;;;;;;;;;;;;;
Хайро;5;Утка;5;Ай;5;Юролипс;5;Эдорей;5;Реср;5;;;;;;;;;;;;;;
Прот;2;Лёша;2;Квич;2;Кац;2;Андрюша;2;Каифас;2;;;;;;;;;;;;;;
Александр;7;Дамацео;7;Чебурекс;7;Кот;7;НаркоСова;7;Смоук;7;;;;;;;;;;;;;;
Ай;3;Элифас;3;Реср;3;Рол;3;;;;;;;;;;;;;;;;;;
Александр;2;Эрго;2;Андрюша;2;Кот;2;Прот;2;Катя;2;;;;;;;;;;;;;;
Кац;4;Каифас;4;Квич;4;Юролипс;4;Шируме;4;;;;;;;;;;;;;;;;
Александр;3;Эрго;3;Андрюша;3;Кот;3;Прот;3;Катя;3;;;;;;;;;;;;;;
Прот;2;Лёша;2;Квич;2;Кац;2;Андрюша;2;Каифас;2;;;;;;;;;;;;;;
Танкред;6;Катя;6;Ярик;6;Реин;6;Таша;6;;;;;;;;;;;;;;;;
Ай;4;Элифас;4;Хайро;4;Квич;4;;;;;;;;;;;;;;;;;;
Александр;7;Дамацео;7;Чебурекс;6;Путешественник;6;Странник;7;Смоук;7;Виброкоготь;6;;;;;;;;;;;;
Хайро;4;Юролипс;4;Ай;4;Франтик;4;Элифас;4;Смоук;4;;;;;;;;;;;;;;
Салливан;6;Хиди;6;Дамацео;6;Ганрю;6;Костя;6;;;;;;;;;;;;;;;;
Репка;6;Каифас;6;Кот;6;Лёша;6;Прот;6;Странник;6;;;;;;;;;;;;;;
Александр;7;Реср;5;Рол;5;Путешественник;5;Вергис;7;Сакура;7;;;;;;;;;;;;;;
Ай;3;Элифас;3;Хайро;3;Квич;3;;;;;;;;;;;;;;;;;;
Хайро;5;Юролипс;5;Ай;5;Франтик;5;Элифас;5;;;;;;;;;;;;;;;;
Лафелор;5;Репка;5;Квич;5;Кац;5;;;;;;;;;;;;;;;;;;
Александр;3;Эрго;3;Катя;3;Кот;3;Прот;3;;;;;;;;;;;;;;;;
Ай;3;Элифас;3;Хайро;3;Квич;3;;;;;;;;;;;;;;;;;;
Кац;4;Танкред;4;Странник;4;Кот;4;;;;;;;;;;;;;;;;;;
Эрго;10;Костя;10;Хиди;10;Чебурекс;10;;;;;;;;;;;;;;;;;;
Прот;4;Аск;4;Салливан;4;Андрюша;4;;;;;;;;;;;;;;;;;;
Трогиг;4;Кустодиан;4;Утка;4;ФРанкГод;4;Витя;4;;;;;;;;;;;;;;;;
Прот;8;Каифас;8;Анунет;8;Путешественник;8;Редикулус;8;Ганрю;8;;;;;;;;;;;;;;
Ай;4;Вергис;4;Фрешер;4;Салливан;4;;;;;;;;;;;;;;;;;;
Трогиг;4;Кустодиан;4;Утка;4;ФРанкГод;4;Витя;4;;;;;;;;;;;;;;;;
Лёша;5;Каифас;5;Юролипс;5;Кот;5;Кац;5;Прот;5;Андрюша;5;;;;;;;;;;;;
Александр;6;Путешественник;6;Лафелор;6;Хиди;1;Костя;6;Ганрю;6;;;;;;;;;;;;;;
Ай;2;Элифас;2;Хайро;2;Квич;2;;;;;;;;;;;;;;;;;;
Александр;6;Дамацео;6;Кот;6;Прот;6;Катя;6;Андрюша;6;;;;;;;;;;;;;;
Хайро;6;Ай;6;Франтик;6;Юролипс;6;;;;;;;;;;;;;;;;;;
Александр;6;Танкред;6;Лафелор;6;Костя;6;Таша;6;Катя;6;;;;;;;;;;;;;;
Трогиг;3;Кустодиан;3;ФРанкГод;3;Утка;3;Витя;3;;;;;;;;;;;;;;;;
Прот;3;Лёша;3;Квич;3;Кац;3;Андрюша;3;Каифас;3;;;;;;;;;;;;;;
Александр;5;Танкред;5;Лафелор;5;Костя;5;Таша;5;Катя;5;;;;;;;;;;;;;;
Прот;4;Каифас;4;Нулевой;4;Да;4;;;;;;;;;;;;;;;;;;
Ай;1;Элифас;1;Хайро;1;Квич;1;;;;;;;;;;;;;;;;;;
Эрго;6;Кот;6;Прот;6;Кац;6;;;;;;;;;;;;;;;;;;
Ай;3;АнчоусКат;3;Снотти;3;Элифас;3;;;;;;;;;;;;;;;;;;
Андрюша;5;Прот;5;Кац;5;Квич;5;;;;;;;;;;;;;;;;;;
Прот;2;Лёша;2;Квич;2;Кац;2;Андрюша;2;Каифас;2;;;;;;;;;;;;;;
Нулевой;4;Кот;4;Репка;4;Катя;4;Танкред;4;;;;;;;;;;;;;;;;
Квич;4;Ай;4;Хайро;4;Костя;4;СелеЗоки;4;Рол;4;;;;;;;;;;;;;;
Хайро;1;Ай;1;Франтик;1;Юролипс;1;;;;;;;;;;;;;;;;;;
Прот;5;Каифас;5;Квич;5;Чебурекс;5;Андрюша;5;;;;;;;;;;;;;;;;
Репка;5;Хуманов;5;Андрюша;5;Прот;5;Кот;5;Чебурекс;1;;;;;;;;;;;;;;
Репка;4;Хуманов;4;Андрюша;4;Прот;4;Кот;4;;;;;;;;;;;;;;;;
Прот;2;Лёша;2;Квич;2;Кац;2;Андрюша;2;Каифас;2;;;;;;;;;;;;;;
Прот;6;Репка;6;Кот;6;Кац;6;Андрюша;6;;;;;;;;;;;;;;;;
Ай;4;Снотти;4;Элифас;4;;;;;;;;;;;;;;;;;;;;
Салливан;4;Настя;4;Андрюша;0;;;;;;;;;;;;;;;;;;;;
Танкред;1;Хиди;1;Да;1;Ганрю;1;Чара;1;;;;;;;;;;;;;;;;
Александр;4;Эрго;4;Дамацео;4;Чебурекс;4;Странник;4;;;;;;;;;;;;;;;;
Квич;3;Ай;3;Хайро;3;Костя;3;СелеЗоки;3;Рол;3;;;;;;;;;;;;;;
Пудж;3;Рикс;3;Настя;3;ДугГир;3;Лёха;3;;;;;;;;;;;;;;;;
Прот;6;Каифас;6;Квич;6;Чебурекс;6;Андрюша;6;;;;;;;;;;;;;;;;
Пудж;2;Рикс;2;Настя;2;Лёха;2;;;;;;;;;;;;;;;;;;
Рикс;4;Ай;4;Эрго;4;Армагеддон;4;Хуманов;4;;;;;;;;;;;;;;;;
Хайро;4;Андрюша;4;Пудж;4;Шируме;4;Квич;4;Кот;4;;;;;;;;;;;;;;
Андрюша;4;Ай;4;Квич;4;Рикс;4;;;;;;;;;;;;;;;;;;
Прот;7;Франтик;7;Хиди;7;Кот;7;Кустодиан;7;;;;;;;;;;;;;;;;
Андрюша;2;Лафелор;2;Репка;2;Странник;2;;;;;;;;;;;;;;;;;;
Ай;3;АнчоусКат;1;Снотти;3;Элифас;3;;;;;;;;;;;;;;;;;;
Александр;1;Эрго;1;Дамацео;1;Чебурекс;1;Странник;1;;;;;;;;;;;;;;;;
Репка;8;Лафелор;8;Андрюша;8;Настя;8;Франтик;8;Вергис;8;;;;;;;;;;;;;;
Репка;0;Лафелор;0;Андрюша;0;Настя;0;Франтик;0;Вергис;0;;;;;;;;;;;;;;
Прот;7;Франтик;7;Кот;7;Кустодиан;7;Эрго;7;;;;;;;;;;;;;;;;
Прот;3;Лёша;3;Квич;3;Кац;3;Андрюша;3;Каифас;3;;;;;;;;;;;;;;
Квич;4;Ай;4;Хайро;4;Костя;4;СелеЗоки;4;;;;;;;;;;;;;;;;
Квич;1;Ай;1;Хайро;1;Костя;1;Рол;1;;;;;;;;;;;;;;;;
Хайро;4;Андрюша;4;Пудж;4;Шируме;4;Квич;4;Кот;4;;;;;;;;;;;;;;
Лафелор;6;Андрюша;6;Чебурекс;6;Дамацео;6;;;;;;;;;;;;;;;;;;
Прот;6;Франтик;6;Кот;6;Кустодиан;6;;;;;;;;;;;;;;;;;;
Александр;4;Кот;4;Танкред;4;Лафелор;4;Катя;4;;;;;;;;;;;;;;;;
Прот;6;Антон;6;Андрюша;6;Квич;6;Странник;6;Каифас;6;;;;;;;;;;;;;;
Репка;0;Хуманов;0;Кот;0;Лафелор;0;Прот;0;Андрюша;0;;;;;;;;;;;;;;
Прот;3;Франтик;3;Кот;3;Кустодиан;3;;;;;;;;;;;;;;;;;;
Ай;1;Элифас;1;Репка;1;Дамацео;1;;;;;;;;;;;;;;;;;;
Хайро;3;Андрюша;3;Пудж;3;Шируме;3;Квич;3;;;;;;;;;;;;;;;;
Александр;3;Кот;3;Танкред;3;Лафелор;3;Катя;3;;;;;;;;;;;;;;;;
Салливан;6;Антон;6;Да;5;Эвилман;6;Виш;6;;;;;;;;;;;;;;;;
Прот;7;Антон;7;Андрюша;7;Квич;7;Странник;7;Каифас;7;;;;;;;;;;;;;;
Квич;2;Ай;2;Костя;2;Рол;2;;;;;;;;;;;;;;;;;;
Ай;3;Элифас;3;Репка;3;Дамацео;3;;;;;;;;;;;;;;;;;;
Александр;4;Кот;4;Танкред;4;Лафелор;4;Катя;4;;;;;;;;;;;;;;;;
Андрюша;4;Химо;4;Эвилман;4;Диртонк;4;ГранКаинпвнз;4;;;;;;;;;;;;;;;;
Рикс;4;Хиди;4;Андрюша;4;Квич;4;Странник;2;Костя;4;;;;;;;;;;;;;;
Салливан;3;Квич;3;Вергис;3;Да;3;Хиди;3;;;;;;;;;;;;;;;;
Прот;5;Антон;5;Андрюша;5;Квич;5;Странник;5;Каифас;5;;;;;;;;;;;;;;
Нулевой;1;Франтик;1;ГранКаинпвнз;1;Аркси;1;;;;;;;;;;;;;;;;;;
Пудж;4;Химо;4;ГранКаинпвнз;4;Андрюша;4;Че;4;Рикс;4;Прот;4;;;;;;;;;;;;
Лафелор;5;Репка;5;Гобля;5;Химо;5;;;;;;;;;;;;;;;;;;
Прот;8;Андрюша;8;Хиди;8;Персон;8;Странник;8;Кац;8;;;;;;;;;;;;;;
Прот;3;Антон;3;Андрюша;3;Квич;3;Странник;3;Каифас;3;;;;;;;;;;;;;;
Лафелор;4;Вергис;4;Гобля;4;Репка;4;Дамацео;4;;;;;;;;;;;;;;;;
Прот;7;Андрюша;7;Хиди;7;Персон;7;Странник;7;Кац;7;;;;;;;;;;;;;;
Репка;4;Франтик;4;Лафелор;4;Андрюша;4;Химо;4;;;;;;;;;;;;;;;;
Хайро;2;Андрюша;2;Пудж;2;Шируме;2;Квич;2;;;;;;;;;;;;;;;;
Репка;3;Франтик;3;Лафелор;3;Андрюша;3;Химо;3;;;;;;;;;;;;;;;;
Прот;4;Лёша;4;Андрюша;4;Квич;4;Кац;4;;;;;;;;;;;;;;;;
Андрюша;5;Хайро;5;Жофандул;5;Эвилман;5;Путешественник;5;;;;;;;;;;;;;;;;
Кац;3;АнчоусКат;3;Хиди;3;ОрИфЭлсе;3;Гобля;3;Вовапал;3;;;;;;;;;;;;;;
Прот;5;Лёша;5;Андрюша;5;Квич;5;Кац;5;Кот;5;;;;;;;;;;;;;;
Прот;0;Франтик;0;Кот;0;Кустодиан;0;Хиди;0;;;;;;;;;;;;;;;;
Андрюша;5;Кот;5;Репка;5;Квич;5;Салливан;5;;;;;;;;;;;;;;;;
Кац;2;Прот;2;Гобля;2;АнчоусКат;2;Вовапал;2;Андрюша;2;;;;;;;;;;;;;;
Лёша;7;НетПроблем;7;Кот;7;Франтик;7;Костя;7;;;;;;;;;;;;;;;;
Салливан;8;Кот;6;Аск;8;Лёша;8;Костя;6;;;;;;;;;;;;;;;;
Прот;3;Хиди;3;Федир;3;Артём;3;Додич;3;Настя;3;;;;;;;;;;;;;;
Салливан;4;НетПроблем;4;Андрюша;4;Чебурекс;4;Жофандул;3;;;;;;;;;;;;;;;;
Хайро;1;Андрюша;1;Пудж;1;Шируме;1;Квич;1;;;;;;;;;;;;;;;;
Ай;4;Франтик;4;Каифас;4;Лёша;4;Элифас;4;;;;;;;;;;;;;;;;
Салливан;4;Квич;4;Андрюша;4;Прот;4;Кот;3;;;;;;;;;;;;;;;;
Хайро;1;Андрюша;1;Пудж;1;Шируме;1;Квич;1;;;;;;;;;;;;;;;;
Ай;3;Франтик;3;Каифас;3;Лёша;3;Элифас;3;;;;;;;;;;;;;;;;
Прот;4;Хиди;4;Федир;4;Додич;4;Настя;4;;;;;;;;;;;;;;;;
Андрюша;1;Путешественник;1;;;;;;;;;;;;;;;;;;;;;;
Александр;3;Жофандул;3;Печинюха;3;Дамацео;3;Катя;3;;;;;;;;;;;;;;;;
Австралиум;4;Прот;4;Странник;4;Элай;4;Жофандул;4;Ганрю;2;;;;;;;;;;;;;;
Андрюша;4;Лёша;4;Хайро;4;Странник;4;;;;;;;;;;;;;;;;;;
Хайро;4;Лёша;4;Андрюша;4;Вергис;4;Редикулус;4;Эвилман;4;;;;;;;;;;;;;;
Прот;4;Додич;4;Федир;4;Настя;4;;;;;;;;;;;;;;;;;;
Салливан;3;Жофандул;3;Странник;3;;;;;;;;;;;;;;;;;;;;
Александр;3;Вергис;3;Сакура;3;Армагеддон;3;Хайро;3;Прот;3;;;;;;;;;;;;;;
Репка;6;Антон;6;Жофандул;6;УдПо2;6;Андрюша;6;;;;;;;;;;;;;;;;
Ай;4;Армагеддон;4;Печинюха;4;;;;;;;;;;;;;;;;;;;;
Салливан;9;Лёша;9;Редикулус;9;Хиди;9;;;;;;;;;;;;;;;;;;
Лёша;6;Прот;6;Хиди;6;Андрюша;6;Франтик;6;;;;;;;;;;;;;;;;
Александр;5;Вергис;5;Сакура;5;Армагеддон;5;Хайро;5;Прот;5;;;;;;;;;;;;;;
Ай;4;Лёша;4;Элай;4;Катя;4;;;;;;;;;;;;;;;;;;
Лёша;5;Репка;5;Андрюша;5;Эвилман;5;Жофандул;5;Странник;5;;;;;;;;;;;;;;
Андрюша;6;Салливан;6;Репка;6;Лафелор;6;Анитан;6;Раззи;6;;;;;;;;;;;;;;
Пудж;5;Жофандул;4;Армагеддон;5;Кац;5;Витя;4;Бейбарыс;4;Федир;5;Хиди;5;Сайрам;5;Редикулус;5;Настя;3;Лёха;4;;
Ай;3;Жофандул;3;Элай;3;Элифас;3;;;;;;;;;;;;;;;;;;
Ай;2;Жофандул;2;Элай;2;Элифас;2;;;;;;;;;;;;;;;;;;
Пудж;5;Жофандул;5;Армагеддон;5;Настя;5;Лёха;5;;;;;;;;;;;;;;;;
Пудж;4;Кац;4;Федир;4;Сайрам;4;Прот;3;;;;;;;;;;;;;;;;
Пудж;2;Витя;2;Бейбарыс;2;Хиди;2;Редикулус;2;;;;;;;;;;;;;;;;
Кац;5;Витя;4;Лёша;5;Хиди;5;Жофандул;5;Андрюша;4;;;;;;;;;;;;;;
Александр;7;Катя;7;Гробастас;7;Мопс;7;Эвилман;7;Путешественник;7;;;;;;;;;;;;;;
Александр;4;Жофандул;4;Печинюха;4;Дамацео;4;Катя;4;;;;;;;;;;;;;;;;
Ай;3;Лёша;3;Хайро;3;Хиди;3;;;;;;;;;;;;;;;;;;
Салливан;6;Жофандул;6;Лёша;6;Хиди;6;;;;;;;;;;;;;;;;;;
Пудж;5;Жофандул;1;Армагеддон;5;Настя;5;Редикулус;5;;;;;;;;;;;;;;;;
Прот;5;Эвилман;5;Гробастас;5;Додич;5;Ай;5;Странник;5;;;;;;;;;;;;;;
Александр;7;Квич;7;Салливан;7;Лёша;7;Андрюша;7;;;;;;;;;;;;;;;;
Пудж;4;Кац;4;Лёха;4;Сайрам;4;Прот;4;;;;;;;;;;;;;;;;
Пудж;3;Витя;2;Бейбарыс;1;Хиди;2;Федир;3;;;;;;;;;;;;;;;;
Ай;3;Лёша;3;Хайро;3;Хиди;3;;;;;;;;;;;;;;;;;;
Ай;4;Лёша;4;Хайро;4;Хиди;4;;;;;;;;;;;;;;;;;;
Кац;3;Федир;3;Дамацео;3;Путешественник;3;Слэш;3;;;;;;;;;;;;;;;;
Александр;4;Интеллектуал;4;Франтик;4;Жофандул;4;Хиди;4;Армагеддон;4;;;;;;;;;;;;;;
Прот;5;Гробастас;5;Додич;5;Ай;5;Странник;5;;;;;;;;;;;;;;;;
Пудж;2;Жофандул;2;Лёха;2;Настя;2;Хиди;2;;;;;;;;;;;;;;;;
Ай;4;Лёша;4;Элифас;4;Вергис;4;;;;;;;;;;;;;;;;;;
Пудж;2;Кац;1;Редикулус;2;Сайрам;2;Прот;4;;;;;;;;;;;;;;;;
Ай;2;Лёша;2;Элифас;2;Вергис;2;;;;;;;;;;;;;;;;;;
Салливан;5;Андрюша;5;Шируме;5;Квич;5;;;;;;;;;;;;;;;;;;
Александр;6;Интеллектуал;6;Франтик;6;Жофандул;6;Хиди;1;Армагеддон;6;;;;;;;;;;;;;;
Кац;4;Интеллектуал;4;Жофандул;4;;;;;;;;;;;;;;;;;;;;
Ай;4;Хайро;4;Элай;4;Лёша;4;;;;;;;;;;;;;;;;;;
Салливан;7;Додич;7;Гробастас;7;Андрюша;7;;;;;;;;;;;;;;;;;;
Прот;5;Странник;0;Драмеди;3;Лафелор;5;Кот;5;;;;;;;;;;;;;;;;
Пудж;2;Прот;2;Армагеддон;2;Настя;2;;;;;;;;;;;;;;;;;;
Пудж;2;Кац;2;Прот;2;Сайрам;2;Редикулус;2;;;;;;;;;;;;;;;;
Александр;5;Пучинюха;5;Додич;5;Франтик;5;Чебурекс;5;Ярик;5;;;;;;;;;;;;;;
Александр;4;Лёша;4;Жофандул;4;Дамацео;4;Хиди;4;Лафелор;4;;;;;;;;;;;;;;
Квич;5;Андрюша;10;Репка;5;Додич;5;Гробастас;5;Драмеди;5;Салливан;5;;;;;;;;;;;;
Снотти;5;Ярик;5;Кац;5;Андрюша;5;Странник;5;;;;;;;;;;;;;;;;
Александр;5;Вергис;5;Печинюха;5;Дамацео;4;Рикс;5;Катя;5;;;;;;;;;;;;;;
Пудж;2;Кац;2;Настя;2;Хиди;2;Редикулус;2;;;;;;;;;;;;;;;;
Александр;6;Лёша;6;Чебурекс;6;Прот;3;Рикс;6;Катя;6;Андрюша;6;;;;;;;;;;;;
Танкред;4;Элифас;4;Ярик;4;Печинюха;4;;;;;;;;;;;;;;;;;;
Прот;7;Странник;7;Путешественник;7;Хиди;7;Кот;7;;;;;;;;;;;;;;;;
Александр;6;Жофандул;6;Франтик;6;Лафелор;6;Катя;6;Андрюша;6;;;;;;;;;;;;;;
Кац;5;Прот;5;Лёша;5;Андрюша;5;Странник;5;Путешественник;5;;;;;;;;;;;;;;
Танкред;2;Ярик;2;Печинюха;2;Элифас;2;;;;;;;;;;;;;;;;;;
Александр;3;Вергис;3;Печинюха;3;Репка;3;Кот;3;Путешественник;3;;;;;;;;;;;;;;
Александр;3;Квич;3;Лёша;3;Шируме;3;Андрюша;3;;;;;;;;;;;;;;;;
Пудж;3;Прот;3;Армагеддон;6;Хиди;3;Сайрам;3;;;;;;;;;;;;;;;;
Салливан;5;Андрюша;5;Зимочка;5;Хиди;5;Путешественник;5;Дамацео;5;;;;;;;;;;;;;;
Прот;3;Кот;3;Федир;3;Костя;3;Путешественник;3;;;;;;;;;;;;;;;;
Ян;6;Катя;6;Кац;6;Лёша;6;Костя;6;Кот;6;;;;;;;;;;;;;;
Хайро;3;Дамацео;3;Редикулус;3;Элай;3;Шируме;3;;;;;;;;;;;;;;;;
Пудж;2;Настя;2;Вергис;5;Хиди;2;Жофандул;2;;;;;;;;;;;;;;;;
Салливан;7;Дамацео;6;Витя;3;Лафелор;7;;;;;;;;;;;;;;;;;;
Лёша;8;Зимочка;8;Ян;8;Беконович;8;Драмеди;1;;;;;;;;;;;;;;;;
Репка;5;Федир;5;Хиди;5;Лафелор;5;Катя;5;Андрюша;5;;;;;;;;;;;;;;
Прот;4;Кот;4;Хиди;4;Костя;4;Путешественник;4;;;;;;;;;;;;;;;;
Пудж;2;Армагеддон;4;Прот;2;Кац;2;;;;;;;;;;;;;;;;;;
Пудж;2;Редикулус;2;Сайрам;2;Жофандул;2;Федир;3;;;;;;;;;;;;;;;;
Ай;4;Печинюха;4;Элифас;4;Катя;4;;;;;;;;;;;;;;;;;;
Ай;4;Печинюха;4;Элифас;4;Катя;4;;;;;;;;;;;;;;;;;;
Ян;7;Лёша;7;Федир;7;Костя;7;Квич;7;Чебурекс;7;Дариус;7;;;;;;;;;;;;
Пудж;2;Редикулус;2;Кац;2;Вергис;5;;;;;;;;;;;;;;;;;;
Пудж;1;Настя;1;Жофандул;1;Хиди;1;;;;;;;;;;;;;;;;;;
Прот;5;Кот;5;Хиди;5;Кац;5;Зимочка;4;Салливан;1;;;;;;;;;;;;;;
Репка;5;Андрюша;5;Лафелор;5;Зимочка;5;ГроутВалмер;5;Сепиа;5;;;;;;;;;;;;;;
Вергис;4;Лёша;4;Квич;4;Зимочка;4;ГроутВалмер;4;Дебальжи;4;;;;;;;;;;;;;;
Пудж;4;Сайрам;4;Федир;9;Прот;4;Армагеддон;5;;;;;;;;;;;;;;;;
Ай;5;Печинюха;5;Элифас;5;Катя;5;;;;;;;;;;;;;;;;;;
Александр;6;Салливан;6;Странник;6;Квич;5;Катя;6;Андрюша;6;Путешественник;4;;;;;;;;;;;;
Ян;7;Лёша;7;Федир;7;Костя;7;Квич;7;Дариус;7;;;;;;;;;;;;;;
Пудж;1;Настя;1;Жофандул;0;Хиди;1;;;;;;;;;;;;;;;;;;
Хайро;3;Дамацео;3;Редикулус;3;Элай;3;Шируме;3;;;;;;;;;;;;;;;;
Репка;0;Андрюша;0;Лафелор;0;Зимочка;0;ГроутВалмер;0;Сепиа;0;;;;;;;;;;;;;;
Андрюша;5;Репка;5;Кот;5;Дебальжи;5;Лафелор;5;;;;;;;;;;;;;;;;
Сепиа;5;Андрюша;5;Хиди;5;Лёша;5;Зимочка;5;;;;;;;;;;;;;;;;
Пудж;2;Сайрам;2;Кац;2;Прот;2;Армагеддон;2;;;;;;;;;;;;;;;;
Пудж;3;Лёха;3;Федир;6;Вергис;6;Редикулус;3;;;;;;;;;;;;;;;;
Снотти;4;Хиди;4;Дамацео;4;Австралиум;4;Лёша;4;;;;;;;;;;;;;;;;
Хайро;4;Дамацео;4;Редикулус;4;Элай;4;Шируме;4;;;;;;;;;;;;;;;;
Пудж;3;Прот;3;Хиди;3;Вергис;3;Настя;3;;;;;;;;;;;;;;;;
Сепиа;5;Прот;5;ГроутВалмер;5;Виз;5;Абба;5;;;;;;;;;;;;;;;;
Пудж;2;Армагеддон;0;Федир;2;Редикулус;2;Сайрам;2;;;;;;;;;;;;;;;;
Катя;5;Печинюха;5;Граммулька;5;Дариус;5;Салливан;5;Ай;5;;;;;;;;;;;;;;
Александр;5;Салливан;5;Странник;5;Квич;5;Катя;5;Андрюша;5;;;;;;;;;;;;;;
Армагеддон;4;Граммулька;4;Абба;4;ГроутВалмер;4;Виз;4;;;;;;;;;;;;;;;;
Вергис;3;Квич;3;Лёша;3;Додич;3;ГроутВалмер;3;Зимочка;3;;;;;;;;;;;;;;
Сепиа;4;ГроутВалмер;4;Виз;4;Абба;4;;;;;;;;;;;;;;;;;;
Пудж;6;Андрюша;6;Франтик;6;Кот;6;Лёша;6;Шируме;6;Хайро;5;Путешественник;3;;;;;;;;;;
Прот;3;Кац;3;Хиди;3;;;;;;;;;;;;;;;;;;;;
Александр;8;Салливан;8;Странник;8;Квич;8;Катя;8;Андрюша;8;;;;;;;;;;;;;;
Ян;5;Костя;5;Дариус;5;ГроутВалмер;5;Граммулька;5;Федир;5;;;;;;;;;;;;;;
Сепиа;3;ГроутВалмер;3;Абба;3;Виз;3;;;;;;;;;;;;;;;;;;
Прот;1;Кац;1;Хиди;1;;;;;;;;;;;;;;;;;;;;
Снотти;5;Хиди;5;Дамацео;5;Австралиум;5;Лёша;5;;;;;;;;;;;;;;;;
Лёша;4;Дефлектор;4;ВестландВулф;4;ТимТим;4;Андрюша;0;;;;;;;;;;;;;;;;
Прот;3;Зимочка;3;Лафелор;3;Хиди;3;;;;;;;;;;;;;;;;;;
Ай;3;Элай;3;Кац;3;Хиди;3;;;;;;;;;;;;;;;;;;
Ай;4;Элай;4;Кац;4;Хиди;4;;;;;;;;;;;;;;;;;;
Салливан;5;Лёша;5;Андрюша;5;Костя;5;;;;;;;;;;;;;;;;;;
Пудж;5;Андрюша;5;Франтик;5;Кот;5;Лёша;5;Шируме;5;Хайро;3;Путешественник;2;;;;;;;;;;
Ян;6;Костя;6;Дариус;6;ГроутВалмер;6;Граммулька;6;Федир;6;;;;;;;;;;;;;;
Хайро;4;Дамацео;4;Редикулус;4;Элай;4;Шируме;4;;;;;;;;;;;;;;;;
Салливан;4;Мышьяк;4;Виз;4;Прот;4;;;;;;;;;;;;;;;;;;
Андрюша;6;Салливан;6;Граммулька;6;Костя;6;Валенте;6;Катя;6;;;;;;;;;;;;;;
Пудж;2;Вергис;2;Лёха;2;Настя;2;;;;;;;;;;;;;;;;;;
Пудж;3;Прот;3;Редикулус;3;Федир;3;Сайрам;3;;;;;;;;;;;;;;;;
Ай;5;Печинюха;5;Элай;5;Граммулька;5;Чебурекс;5;;;;;;;;;;;;;;;;
Прот;5;Андрюша;5;Квич;5;Странник;5;Кот;5;Лёша;5;;;;;;;;;;;;;;
Салливан;4;Александр;0;Виз;1;Шируме;4;;;;;;;;;;;;;;;;;;
Прот;3;Ганрю;3;Граммулька;3;Зимочка;3;Хиди;3;;;;;;;;;;;;;;;;
Ай;5;Прот;5;Граммулька;5;Печинюха;5;Кац;5;Элифас;5;;;;;;;;;;;;;;
Ян;5;Костя;5;Дариус;5;Федир;5;Дамацео;5;Вергис;5;;;;;;;;;;;;;;
Нулевой;4;Граммулька;4;Шпишк;4;Тян;4;Зимочка;4;;;;;;;;;;;;;;;;
Прот;4;Ай;4;Граммулька;4;Зимочка;4;Тян;4;;;;;;;;;;;;;;;;
Пудж;3;Прот;3;Лёха;3;Настя;3;Жофандул;3;;;;;;;;;;;;;;;;
Пудж;3;Кац;3;Федир;3;Вергис;3;Редикулус;3;;;;;;;;;;;;;;;;
Прот;1;Хиди;1;Граммулька;1;Ганрю;1;Зимочка;1;;;;;;;;;;;;;;;;
Прот;3;Андрюша;3;Квич;3;Странник;3;Кот;3;Франтик;3;;;;;;;;;;;;;;
Снотти;6;Тян;6;Вергис;6;Виз;6;Ай;6;;;;;;;;;;;;;;;;
Ай;4;Прот;4;Граммулька;4;Печинюха;4;Кац;4;Элифас;4;;;;;;;;;;;;;;
Ян;4;Костя;4;Дариус;4;Дамацео;4;Вергис;4;Хиди;3;;;;;;;;;;;;;;
Кац;5;Андрюша;5;ГроутВалмер;5;Дамацео;5;Зимочка;5;;;;;;;;;;;;;;;;
Прот;7;Граммулька;7;Салливан;7;Тян;7;ВестландВулф;7;ТимТим;7;;;;;;;;;;;;;;
Пудж;3;Прот;3;Кац;3;Настя;3;Хиди;3;;;;;;;;;;;;;;;;
Пудж;2;Вергис;2;Лёха;2;Редикулус;2;;;;;;;;;;;;;;;;;;
Александр;7;Хиди;7;Виз;7;Тян;7;Дамацео;7;Катя;7;;;;;;;;;;;;;;
Ай;2;Прот;2;Граммулька;2;Печинюха;2;Кац;2;Элифас;2;;;;;;;;;;;;;;
Прот;3;Андрюша;3;Странник;3;Квич;3;Кот;3;Франтик;0;;;;;;;;;;;;;;
Репка;4;Костя;4;Хиди;4;Андрюша;4;Прот;4;Зимочка;4;;;;;;;;;;;;;;
Александр;5;Костя;5;Виз;5;Тян;5;Сакура;5;Ярик;4;Зимочка;5;;;;;;;;;;;;
Кац;3;Зимочка;3;;;;;;;;;;;;;;;;;;;;;;
Ай;4;Зимочка;4;Тян;4;Чебурекс;4;Хиди;4;Сакура;4;Виз;4;;;;;;;;;;;;
Эрго;0;Костя;0;Андрюша;0;Хиди;0;;;;;;;;;;;;;;;;;;
Эрго;11;Костя;11;Андрюша;11;Хиди;11;;;;;;;;;;;;;;;;;;
Александр;4;Драгон;4;Вергис;4;Чебурекс;4;Ярик;4;Пудж;4;;;;;;;;;;;;;;
Александр;4;Костя;4;Виз;1;Тян;4;Сакура;4;Ярик;4;Зимочка;4;;;;;;;;;;;;
Александр;5;Салливан;5;Шируме;5;Костя;5;Ярик;5;Квич;5;Катя;2;;;;;;;;;;;;
Прот;5;Кац;5;Хуманов;5;Пудж;5;Ай;5;;;;;;;;;;;;;;;;
Александр;2;Вергис;2;Ярик;2;Пудж;2;Драгон;2;Чебурекс;2;;;;;;;;;;;;;;
Пудж;2;Вергис;2;Прот;2;Настя;2;;;;;;;;;;;;;;;;;;
Пудж;3;Кац;3;Лёха;3;Редикулус;3;Армагеддон;3;;;;;;;;;;;;;;;;
Эрго;7;Тян;7;Прот;7;Виз;7;Андрюша;7;;;;;;;;;;;;;;;;
Прот;2;Андрюша;2;Странник;1;Франтик;1;Квич;1;Кот;1;;;;;;;;;;;;;;
Ай;4;Зимочка;4;Элай;4;Элифас;4;;;;;;;;;;;;;;;;;;
Австралиум;6;Ярик;6;Катя;6;Сакура;6;Каифас;6;Тян;6;;;;;;;;;;;;;;
Прот;1;Андрюша;1;Квич;1;Странник;1;Кот;1;;;;;;;;;;;;;;;;
Прот;5;БигКуки;5;Костя;5;Виз;5;Зимочка;5;Мурк;5;;;;;;;;;;;;;;
Салливан;4;Андрюша;4;Кот;4;Сакура;4;;;;;;;;;;;;;;;;;;
Прот;6;Мурк;6;Виз;6;Г;6;Андрюша;6;Кот;6;;;;;;;;;;;;;;
Хайро;1;Дамацео;1;Элай;1;Шируме;1;;;;;;;;;;;;;;;;;;
Австралиум;4;Ярик;4;Катя;4;Сакура;4;Каифас;4;Тян;4;;;;;;;;;;;;;;
Ярик;4;Каифас;4;Тян;4;Сакура;4;Элифас;4;Андрюша;4;;;;;;;;;;;;;;
Пудж;2;Вергис;2;Лёха;2;Настя;2;;;;;;;;;;;;;;;;;;
Пудж;3;Кац;3;Прот;3;Редикулус;3;Федир;3;Сайрам;2;;;;;;;;;;;;;;
Прот;5;Лёша;5;Австралиум;5;Настя;5;Слипи;5;Г;5;;;;;;;;;;;;;;
Кац;2;Андрюша;2;Дамацео;2;;;;;;;;;;;;;;;;;;;;
Ян;7;Костя;7;Тян;7;Сакура;7;Федир;7;Дариус;7;;;;;;;;;;;;;;
Прот;7;Слипи;7;Кот;7;Граммулька;7;Фрешер;7;Лафелор;7;;;;;;;;;;;;;;
Прот;2;Путешественник;2;Салливан;4;Хиди;2;Чебурекс;2;;;;;;;;;;;;;;;;
Прот;6;Ярик;6;Тян;6;Сакура;6;Андрюша;6;;;;;;;;;;;;;;;;
Прот;2;Андрюша;2;Квич;2;Странник;2;Кот;2;;;;;;;;;;;;;;;;
Лёша;4;Граммулька;4;Тян;4;Зимочка;4;Настя;4;;;;;;;;;;;;;;;;
Репка;3;Дамацео;3;Тян;3;Андрюша;3;Ярик;3;;;;;;;;;;;;;;;;
Салливан;8;Дамацео;8;Шируме;8;Редикулус;8;;;;;;;;;;;;;;;;;;
Ай;5;БигКуки;5;Костя;5;Лёша;5;;;;;;;;;;;;;;;;;;
Лёша;3;Прот;3;Андрюша;3;ВестландВулф;3;;;;;;;;;;;;;;;;;;
Салливан;6;Дамацео;6;Шируме;6;Редикулус;6;Квич;6;;;;;;;;;;;;;;;;
Ян;6;Костя;6;Тян;6;Сакура;1;Федир;5;Дариус;6;;;;;;;;;;;;;;
Прот;6;Австралиум;6;Кот;6;БигКуки;6;Додич;6;Лёша;6;;;;;;;;;;;;;;
Прот;8;Настя;8;ГроутВалмер;8;Дангоз;8;Лёша;8;Г;8;;;;;;;;;;;;;;
Прот;6;Слипи;6;Виз;6;Кот;6;Граммулька;6;Дангоз;6;;;;;;;;;;;;;;
Андрюша;3;Лёша;3;Граммулька;3;Прот;3;Кац;3;Слипи;3;;;;;;;;;;;;;;
Эрго;2;Катя;2;Кот;2;Андрюша;2;Ярик;2;;;;;;;;;;;;;;;;
Эрго;4;Катя;4;Кот;4;Андрюша;4;Ярик;4;;;;;;;;;;;;;;;;
Эрго;2;Катя;2;Кот;2;Андрюша;2;Ярик;2;;;;;;;;;;;;;;;;
Эрго;2;Катя;2;Кот;2;Андрюша;2;Ярик;2;;;;;;;;;;;;;;;;
Кац;6;Лёха;6;Аибот;6;Слипи;6;Бцой;6;Дангоз;6;;;;;;;;;;;;;;
Салливан;5;Хиди;5;Квич;5;Г;1;Настя;5;Лёша;5;;;;;;;;;;;;;;
Ярик;9;Слипи;9;Кот;9;Квич;9;Катя;9;Дангоз;9;;;;;;;;;;;;;;
Прот;5;Дамацео;5;Граммулька;5;Зимочка;5;Бцой;5;Терик;5;;;;;;;;;;;;;;
Салливан;6;Настя;6;Сакура;6;Австралиум;6;Терик;6;;;;;;;;;;;;;;;;
Эрго;1;Катя;1;Кот;1;Андрюша;1;Ярик;1;;;;;;;;;;;;;;;;
Эрго;3;Катя;3;Кот;3;Андрюша;3;Ярик;3;;;;;;;;;;;;;;;;
Вергис;4;Прот;4;Дондорошка;4;Граммулька;4;Дангоз;4;Г;4;;;;;;;;;;;;;;
Прот;6;Магмейкер;6;Вергис;6;Озонка;6;Дондорошка;6;Бцой;6;;;;;;;;;;;;;;
Эрго;2;Катя;2;Кот;2;Андрюша;2;Ярик;2;;;;;;;;;;;;;;;;
Салливан;1;Сакура;1;Дангоз;1;Австралиум;1;Хиди;1;Лёша;1;ВестландВулф;1;Шируме;1;;;;;;;;;;
Эрго;3;Катя;3;Кот;3;Андрюша;3;Ярик;3;;;;;;;;;;;;;;;;
Ян;9;Костя;9;Лёша;9;Дариус;9;Виз;9;;;;;;;;;;;;;;;;
Ян;8;Дангоз;1;Сакура;4;Хиди;3;Зимочка;3;Лёша;8;Настя;8;Аибот;8;Бцой;8;;;;;;;;
Эрго;3;Катя;3;Кот;3;Ярик;3;Андрюша;3;;;;;;;;;;;;;;;;
Прот;5;Тян;5;Дамацео;5;Андрюша;5;Ярик;5;;;;;;;;;;;;;;;;
Пудж;5;Дондорошка;3;Федир;4;Озонка;5;Виз;4;Карась;5;;;;;;;;;;;;;;
Прот;5;Дангоз;5;Салливан;5;Бцой;5;Тян;5;Сакура;5;;;;;;;;;;;;;;
Салливан;7;Квич;7;Ярик;7;Лёша;7;Тян;7;;;;;;;;;;;;;;;;
Прот;3;Ярик;3;Кот;3;Лёша;3;Салливан;3;;;;;;;;;;;;;;;;
Андрюша;8;Кац;8;Дангоз;8;Тян;8;ГроутВалмер;8;Хиди;8;;;;;;;;;;;;;;
Салливан;4;Бцой;4;Карась;4;Виз;4;;;;;;;;;;;;;;;;;;
Прот;5;Андрюша;5;Кот;5;Шируме;5;Салливан;5;Тян;2;;;;;;;;;;;;;;
Прот;8;Ярик;8;Катя;8;Лёша;8;Кот;8;Вергис;8;;;;;;;;;;;;;;
Андрюша;6;Кац;6;Зимочка;6;Озонка;6;Дондорошка;6;Лёша;6;;;;;;;;;;;;;;
Прот;3;Сакура;3;Салливан;3;Дангоз;3;Озонка;3;Костя;3;;;;;;;;;;;;;;
Салливан;7;Шайв;7;Настя;7;Лёша;7;Дангоз;7;Тян;7;;;;;;;;;;;;;;
Ярик;5;Катя;5;Андрюша;5;Кот;5;Чебурекс;5;Кац;5;;;;;;;;;;;;;;
Прот;8;Карась;8;Настя;8;Бцой;8;Дангоз;8;Шайв;8;;;;;;;;;;;;;;
Лёша;5;Прот;5;Андрюша;5;Тян;5;ОрИфЕлсе;5;Виз;5;;;;;;;;;;;;;;
Пудж;6;Танатонафт;6;Владос;6;Саэларис;5;ОрИфЕлсе;6;Шайв;6;;;;;;;;;;;;;;
Андрюша;5;Дангоз;5;Кот;5;Лёша;5;Дамацео;5;;;;;;;;;;;;;;;;
Ярик;4;Катя;4;Андрюша;4;Кот;4;Чебурекс;2;Кац;4;;;;;;;;;;;;;;
Салливан;9;Владос;7;Шайв;7;Лёша;9;Дангоз;9;Тян;9;;;;;;;;;;;;;;
Салливан;6;Лёша;6;Тян;6;Хиди;6;Дангоз;6;Юролипс;6;Терик;6;;;;;;;;;;;;
Ярик;4;Катя;4;Андрюша;4;Кот;4;Чебурекс;4;Кац;4;;;;;;;;;;;;;;
Нулевой;3;Слипи;3;Мактр;3;Саэларис;3;;;;;;;;;;;;;;;;;;
Пудж;2;Виз;2;Озонка;2;Тян;2;Зимочка;1;Лёша;2;;;;;;;;;;;;;;
Прот;7;Сакура;7;Салливан;7;Дангоз;7;Озонка;7;Костя;7;;;;;;;;;;;;;;
Андрюша;6;Лёша;6;Дангоз;6;Зимочка;6;Виз;6;;;;;;;;;;;;;;;;
Кац;4;Виз;4;Хиди;4;Лёша;4;Аибот;4;Терик;4;;;;;;;;;;;;;;
Салливан;6;Сукубчик;6;Андрюша;6;Слипи;6;Настя;6;Прот;6;;;;;;;;;;;;;;
Ян;6;Шайв;6;Хиди;6;Аибот;6;Чебурекс;6;Лёша;6;Федир;6;;;;;;;;;;;;
Прот;5;Виз;5;Зимочка;5;Аибот;5;Г;5;;;;;;;;;;;;;;;;
Прот;6;Катя;6;Вергис;6;Дангоз;6;Бцой;6;Виз;6;;;;;;;;;;;;;;
Андрюша;4;Салливан;3;Ярик;3;Кот;4;;;;;;;;;;;;;;;;;;
Ай;5;Озонка;5;Голдфиш;5;Виз;5;Антон;5;;;;;;;;;;;;;;;;
Андрюша;3;Слипи;3;Дангоз;3;БигКуки;3;Салливан;3;;;;;;;;;;;;;;;;
Андрюша;4;Лёша;4;Дангоз;4;Зимочка;4;Виз;4;;;;;;;;;;;;;;;;
Салливан;8;Слипи;8;Лето;8;Виз;8;Дангоз;8;;;;;;;;;;;;;;;;
Ай;4;Катя;4;Настя;4;Лёша;4;Ярик;4;Элифас;4;Кот;4;;;;;;;;;;;;
Лёша;5;Слипи;5;Аибот;5;Салливан;5;Тян;5;Вергис;5;;;;;;;;;;;;;;
Прот;5;Граммулька;5;Лето;5;Виз;5;Дангоз;5;Хиди;5;;;;;;;;;;;;;;
Ай;1;Катя;1;Настя;1;Лёша;1;Ярик;1;Элифас;1;Кот;1;;;;;;;;;;;;
Андрюша;3;Дамацео;3;;;;;;;;;;;;;;;;;;;;;;
Инженер;4;Дамацео;4;Хиди;4;Лето;4;БигКуки;4;;;;;;;;;;;;;;;;
Салливан;6;Лёша;6;Слипи;6;Г;6;Тян;6;;;;;;;;;;;;;;;;
Инженер;4;Лето;4;Лёша;4;Виз;4;Вергис;4;Дайдара;4;;;;;;;;;;;;;;
Инженер;3;Лето;3;Лёша;3;Виз;3;Вергис;3;Дайдара;1;;;;;;;;;;;;;;
Андрюша;5;Слипи;5;Ян;5;Федир;5;БигКуки;5;;;;;;;;;;;;;;;;
Ай;4;Тян;4;Элифас;4;Лёша;4;;;;;;;;;;;;;;;;;;
Андрюша;6;Салливан;6;Ярик;6;Кот;6;Дамацео;6;;;;;;;;;;;;;;;;
Инженер;3;Лето;3;Лёша;3;Виз;3;Вергис;3;Дайдара;3;;;;;;;;;;;;;;
Граммулька;6;Тян;6;ОрИфЕлсе;6;Дангоз;6;Прот;6;Бцой;6;;;;;;;;;;;;;;
Инженер;4;Сукубчик;4;Слипи;4;Квич;4;Лето;4;;;;;;;;;;;;;;;;
Салливан;4;Витя;4;Г;4;Лето;4;Хиди;4;;;;;;;;;;;;;;;;
Инженер;4;Дариус;4;Озонка;4;Г;4;Крис;4;Прот;4;Андрюша;4;;;;;;;;;;;;
Ай;4;Тян;4;Элифас;4;Лёша;4;;;;;;;;;;;;;;;;;;
Ай;4;Тян;4;Элифас;4;Лёша;4;;;;;;;;;;;;;;;;;;
Инженер;4;Дайдара;4;Федир;4;Лёша;4;Виз;4;Крис;4;;;;;;;;;;;;;;
Инженер;7;Федир;7;Лёша;7;Крис;7;Г;7;;;;;;;;;;;;;;;;
Андрюша;4;Салливан;4;Ярик;4;Кот;4;Дамацео;4;;;;;;;;;;;;;;;;
Салливан;4;Дамацео;4;Крис;4;Зимочка;4;;;;;;;;;;;;;;;;;;
Пудж;1;БигКуки;1;Слипи;1;Лето;1;Виз;1;Дайдара;1;;;;;;;;;;;;;;
Прот;6;Граммулька;6;Лёша;6;Кац;6;Кот;6;Дангоз;6;;;;;;;;;;;;;;
Инженер;6;Аибот;6;Федир;6;Лето;6;Лёша;6;Слипи;6;Крис;6;Антон;6;Виз;4;Дайдара;4;Хиди;4;Дангоз;1;Дамацео;0
Пудж;5;БигКуки;5;Федир;5;Лето;5;Вергис;5;Г;5;;;;;;;;;;;;;;
Прот;5;Тян;5;Квич;5;Виз;5;Граммулька;5;;;;;;;;;;;;;;;;
Андрюша;4;Дайдара;4;Лёша;4;Лето;4;Дангоз;4;;;;;;;;;;;;;;;;
Прот;11;Квич;11;Ярик;11;Андрюша;11;Дамацео;3;;;;;;;;;;;;;;;;
Салливан;8;Инженер;8;Тян;6;Артемий;8;Слипи;8;Крис;8;;;;;;;;;;;;;;
Пудж;8;Виз;8;Тян;8;Граммулька;8;Лёша;8;Лето;8;;;;;;;;;;;;;;
Андрюша;4;Салливан;4;Ярик;4;Кот;4;Дамацео;4;;;;;;;;;;;;;;;;
Инженер;5;Артемий;5;Акира;5;Виз;5;Хиди;5;Лето;5;;;;;;;;;;;;;;
Инженер;5;Виз;5;Дайдара;5;Крис;5;Антон;5;Костя;5;;;;;;;;;;;;;;
Андрюша;7;Кот;7;Лёша;7;Слипи;7;Дангоз;7;;;;;;;;;;;;;;;;
Дангоз;5;Хиди;5;Слипи;5;Антон;5;Лето;5;;;;;;;;;;;;;;;;
Прот;5;Артемий;5;Граммулька;5;Федир;5;Аибот;5;;;;;;;;;;;;;;;;
Андрюша;2;Кот;2;Лёша;2;Тян;2;Квич;2;;;;;;;;;;;;;;;;
Лёша;2;Федир;2;Странник;2;Тян;2;Инженер;2;Крис;2;;;;;;;;;;;;;;
Салливан;10;Федир;10;Чива;10;Квич;10;Лето;10;;;;;;;;;;;;;;;;
Прот;4;Тян;4;Квич;4;Виз;4;Граммулька;4;;;;;;;;;;;;;;;;
Дангоз;5;Хиди;5;Артемий;5;Лёха;5;Лето;4;Настя;5;;;;;;;;;;;;;;
Андрюша;4;Сакура;4;Прот;4;Инженер;4;Дайдара;4;;;;;;;;;;;;;;;;
Тян;4;Салливан;4;Озонка;4;ОмниаТела;4;Квич;4;Друнк;4;;;;;;;;;;;;;;
Репка;4;Самеоне;4;Хиди;4;Зимочка;4;Антон;4;Виз;4;;;;;;;;;;;;;;
Дангоз;6;Слипи;6;Артемий;6;Лето;6;Костя;6;;;;;;;;;;;;;;;;
Андрюша;9;Лёша;9;Кац;9;Квич;9;Ярик;9;;;;;;;;;;;;;;;;
Салливан;8;Чива;8;Дангоз;8;Прот;8;Артемий;8;;;;;;;;;;;;;;;;
Вергис;4;Лёша;4;Аибот;4;Артемий;2;Виз;4;Костя;4;;;;;;;;;;;;;;
Дангоз;5;Лето;0;Федир;5;Слипи;5;Антон;5;;;;;;;;;;;;;;;;
Вергис;4;Лёша;4;Аибот;4;Артемий;4;Виз;4;Костя;4;;;;;;;;;;;;;;
Дангоз;4;ГроутВалмер;4;Кац;4;Эвилман;4;Граммулька;4;Антон;4;;;;;;;;;;;;;;
Александр;5;БигКуки;5;Путешественник;3;Г;5;Салливан;5;Дайдара;5;;;;;;;;;;;;;;
Вергис;5;Лёша;5;Аибот;5;Артемий;5;Виз;5;Костя;5;;;;;;;;;;;;;;
Дангоз;6;Слипи;6;Лёша;6;Костя;6;Тян;6;Антон;6;;;;;;;;;;;;;;
Андрюша;4;Пудж;4;Лёша;4;Дангоз;4;Настя;4;;;;;;;;;;;;;;;;
Прот;3;Антон;3;Лёша;3;Виз;3;;;;;;;;;;;;;;;;;;
Дангоз;4;Аибот;4;Кац;4;Дайдара;4;Денк;4;;;;;;;;;;;;;;;;
Салливан;10;Лёша;10;Слипи;10;Виз;6;Дангоз;4;;;;;;;;;;;;;;;;
Ярик;5;БигКуки;5;Дангоз;5;Эвилман;5;Странник;5;;;;;;;;;;;;;;;;
Тян;5;Путешественник;5;Лёша;5;Салливан;5;Вергис;5;;;;;;;;;;;;;;;;
Александр;4;Жнец;4;Лунатум;4;Виз;4;Прот;4;Катя;4;;;;;;;;;;;;;;
Прот;4;Дангоз;4;Федир;4;Катя;4;Аибот;4;;;;;;;;;;;;;;;;
Александр;6;Кац;6;Сакура;6;Квич;6;Артемий;6;;;;;;;;;;;;;;;;
Лёша;4;Квич;4;Салливан;4;Шируме;4;Тян;4;;;;;;;;;;;;;;;;
Дангоз;3;Лёша;3;Ноэл;3;Салливан;3;Антон;3;Виз;3;;;;;;;;;;;;;;
Андрюша;4;Виз;4;Настя;4;Аибот;4;Путешественник;4;;;;;;;;;;;;;;;;
Пудж;5;Виз;5;Тян;5;Граммулька;5;Лёша;5;Дангоз;5;;;;;;;;;;;;;;
Дангоз;3;Слипи;3;Андрюша;3;Лёша;3;Артемий;3;;;;;;;;;;;;;;;;
Пудж;4;Виз;4;Тян;4;Граммулька;4;Лёша;4;Дангоз;4;;;;;;;;;;;;;;
Прот;5;Дангоз;5;Дайдара;5;Артемий;5;;;;;;;;;;;;;;;;;;
Александр;2;Жнец;2;Лунатум;2;Виз;2;Прот;2;Катя;2;;;;;;;;;;;;;;
Салливан;7;Лёша;7;Дангоз;7;Сакура;7;Тян;7;;;;;;;;;;;;;;;;
Андрюша;4;Путешественник;4;Виз;4;Костя;4;Лёша;4;;;;;;;;;;;;;;;;
Прот;4;Дангоз;4;Федир;4;Катя;4;Аибот;4;;;;;;;;;;;;;;;;
Лёша;3;Тян;3;Озонка;3;Антон;3;Сакура;3;;;;;;;;;;;;;;;;
Тян;3;Сакура;3;Антон;3;Настя;3;Шелдон;3;Дангоз;3;;;;;;;;;;;;;;
Лёша;4;Квич;4;Салливан;4;Шируме;4;Тян;4;;;;;;;;;;;;;;;;
Граммулька;6;Сукубчик;6;Дангоз;6;Пудж;6;Артемий;6;;;;;;;;;;;;;;;;
Андрюша;3;Путешественник;3;Виз;3;Костя;3;Кац;3;;;;;;;;;;;;;;;;
Андрюша;5;Слипи;5;Виз;5;Шелдон;5;Которный;5;БигКуки;5;Дамацео;5;Костя;5;;;;;;;;;;
Андрюша;11;Антон;5;Карась;5;Костя;5;Федир;5;Слипи;11;Дайдара;11;Путешественник;5;Дангоз;5;;;;;;;;
Салливан;3;Сакура;3;Артемий;3;Виз;3;Тян;3;;;;;;;;;;;;;;;;
Пудж;3;Виз;3;Тян;3;Граммулька;3;Лёша;3;Дангоз;3;;;;;;;;;;;;;;
Салливан;11;Лёша;11;Тян;11;Сакура;11;Дангоз;11;;;;;;;;;;;;;;;;
Прот;9;Тян;9;Артемий;9;Квич;9;Дангоз;9;;;;;;;;;;;;;;;;
Андрюша;6;Путешественник;6;Виз;6;Костя;6;Кац;6;;;;;;;;;;;;;;;;
Дангоз;7;Артемий;7;Антон;7;Кот;7;Кац;7;;;;;;;;;;;;;;;;
Андрюша;6;Маршал;6;Дангоз;6;Суккубчик;6;Артемий;6;Салливан;6;;;;;;;;;;;;;;
Тян;5;Артемий;5;Виз;5;Костя;5;Кац;5;;;;;;;;;;;;;;;;
Тян;3;Артемий;3;Виз;3;Ганрю;2;Костя;3;;;;;;;;;;;;;;;;
Дангоз;3;1ик;3;Костя;3;Енотикс;3;Тайфунчик;3;;;;;;;;;;;;;;;;
Андрюша;4;Дангоз;4;Маршал;4;Кац;4;;;;;;;;;;;;;;;;;;
Прот;6;Андрюша;6;Ярик;6;Енотикс;3;Артемий;6;Настя;6;;;;;;;;;;;;;;
Прот;2;Андрюша;2;Ярик;2;Артемий;2;;;;;;;;;;;;;;;;;;
Кац;3;Шируме;3;Виз;3;Которный;3;Антон;3;Андрюша;3;;;;;;;;;;;;;;
Кац;3;Виз;3;Которный;3;Антон;;;;;;;;;;;;;;;;;;;
Дангоз;3;1ик;3;Костя;3;Енотикс;3;Тайфунчик;3;;;;;;;;;;;;;;;;
Тян;5;Артемий;5;Виз;5;Ганрю;5;Костя;5;;;;;;;;;;;;;;;;
Граммулька;7;Инженер;7;Квич;7;Андрюша;7;Ярик;7;;;;;;;;;;;;;;;;
Ярик;3;Дангоз;3;Виз;3;Настя;3;Костя;3;;;;;;;;;;;;;;;;
Салливан;7;Фрог;4;Тян;7;1ик;4;Марс;4;;;;;;;;;;;;;;;;
Тян;1;Артемий;1;Виз;1;Ганрю;1;Костя;1;;;;;;;;;;;;;;;;
Андрюша;5;Репка;5;Лафелор;5;Фрог;5;Тайфунчик;5;;;;;;;;;;;;;;;;
Прот;3;Кац;3;Костя;3;Дангоз;3;Шируме;3;;;;;;;;;;;;;;;;
Кац;2;Андрюша;2;Шируме;2;;;;;;;;;;;;;;;;;;;;
Салливан;4;Сукубчик;4;Виз;4;Тайфунчик;4;Артемий;4;;;;;;;;;;;;;;;;
Прот;2;Дангоз;2;Федир;2;Катя;2;;;;;;;;;;;;;;;;;;
Репка;4;Виз;4;Тайфунчик;4;Артемий;4;Федир;4;ГроутВалмер;4;;;;;;;;;;;;;;
Александр;4;Жнец;4;Лунатум;4;Виз;0;Прот;0;Катя;4;;;;;;;;;;;;;;
Дангоз;3;Слипи;3;Ярик;3;Виз;3;Фрог;3;;;;;;;;;;;;;;;;
Прот;3;Дангоз;3;Слипи;3;Суккубчик;3;Марс;3;;;;;;;;;;;;;;;;
Андрюша;5;Дангоз;5;Маршал;5;Кац;5;Прот;5;;;;;;;;;;;;;;;;
Александр;4;Ганрю;4;Енотикс;3;Суккубчик;4;Фрог;4;;;;;;;;;;;;;;;;
Репка;4;Виз;4;Артемий;4;Федир;4;ГроутВалмер;4;;;;;;;;;;;;;;;;
Костя;6;Слипи;6;Дангоз;6;Енотикс;6;Настя;4;;;;;;;;;;;;;;;;
Прот;7;Костя;7;Кот;7;Артемий;7;Слипи;7;;;;;;;;;;;;;;;;
Ярик;3;Квич;3;Андрюша;3;Дангоз;3;;;;;;;;;;;;;;;;;;
Пудж;3;Аквиланий;3;Костя;3;Слипи;3;Дангоз;3;Прот;3;;;;;;;;;;;;;;
Александр;4;Жнец;2;Лунатум;2;Катя;2;Сакура;4;;;;;;;;;;;;;;;;
Салливан;7;Слипи;7;Артемий;7;Костя;7;Шируме;7;;;;;;;;;;;;;;;;
Кац;1;Шируме;1;Виз;1;Которный;1;Антон;1;Андрюша;1;;;;;;;;;;;;;;
Дангоз;5;Ярик;5;Настя;5;Шелдон;5;Суккубчик;5;;;;;;;;;;;;;;;;
Костя;6;Дангоз;6;Ярик;6;Слипи;6;Прот;6;Найн;6;;;;;;;;;;;;;;
Прот;6;Слипи;6;Костя;6;Дангоз;6;1ик;6;;;;;;;;;;;;;;;;
Прот;3;Танкред;3;Шелдон;3;Енотикс;3;Дангоз;3;;;;;;;;;;;;;;;;
Прот;3;Катя;3;Кот;3;;;;;;;;;;;;;;;;;;;;
Костя;4;Шелдон;4;Ганрю;4;Виз;4;Енотикс;4;;;;;;;;;;;;;;;;
Прот;5;Дангоз;5;Настя;5;Виз;5;Шируме;5;;;;;;;;;;;;;;;;
Костя;5;Шелдон;5;Ганрю;5;Виз;5;Енотикс;5;;;;;;;;;;;;;;;;
Андрюша;5;Дангоз;5;Маршал;5;Кац;5;Прот;5;;;;;;;;;;;;;;;;
Салливан;6;Вимак;6;Вейл;6;Кисликс;6;Дамацео;6;;;;;;;;;;;;;;;;
Прот;9;Хиди;9;Ярик;9;1ик;9;Федир;9;Костя;9;;;;;;;;;;;;;;
Костя;7;Слипи;7;Виз;7;Фрог;7;Ай;7;Дангоз;4;;;;;;;;;;;;;;
Андрюша;4;Танкред;4;Маршал;4;Енотикс;1;Дангоз;4;;;;;;;;;;;;;;;;
Ай;4;Кисликс;4;Суккубчик;4;Катя;4;;;;;;;;;;;;;;;;;;
Прот;3;Дангоз;3;Настя;3;Виз;3;Шируме;3;;;;;;;;;;;;;;;;
Танкред;4;Настя;4;Эвилман;4;Квич;4;Виз;4;Костя;4;;;;;;;;;;;;;;
Андрюша;6;Дамацео;6;Кот;6;1ик;6;Некто;6;;;;;;;;;;;;;;;;
Прот;4;Кот;4;Дамацео;4;Некто;4;;;;;;;;;;;;;;;;;;
Ай;5;Виз;5;Суккубчик;5;Дима;5;;;;;;;;;;;;;;;;;;
Салливан;10;Фрог;9;Вимак;10;1ик;10;Шируме;10;;;;;;;;;;;;;;;;
Прот;3;Дангоз;3;Настя;3;Виз;3;Шируме;3;;;;;;;;;;;;;;;;
Танкред;5;Катя;5;Ярик;5;Кот;5;1ик;5;;;;;;;;;;;;;;;;
Андрюша;5;Дайдара;5;Шелдон;5;Дима;5;Бенонович;1;;;;;;;;;;;;;;;;
Прот;4;Андрюша;4;Дангоз;4;Дима;2;Фрог;4;;;;;;;;;;;;;;;;
Костя;6;Виз;6;Енотикс;6;Артемий;6;Граммулька;6;Фрог;6;;;;;;;;;;;;;;
Репка;2;Дайдара;2;Вимак;2;Вейл;2;Слипи;2;;;;;;;;;;;;;;;;
Костя;3;Дайдара;3;Ярик;3;Слипи;3;Шируме;3;Шелдон;3;;;;;;;;;;;;;;
Ай;4;Виз;4;Суккубчик;4;Дима;4;;;;;;;;;;;;;;;;;;
Прот;4;Фрог;4;Дима;4;Дангоз;4;Андрюша;4;;;;;;;;;;;;;;;;
Ай;4;Виз;4;Суккубчик;4;Дима;4;;;;;;;;;;;;;;;;;;
Андрюша;4;Кот;4;Ярик;4;;;;;;;;;;;;;;;;;;;;
Ай;1;Виз;1;Суккубчик;1;Дима;1;;;;;;;;;;;;;;;;;;
